element,0,1,2,3,4,5,6,7,8,9,10,11,12,13,14,15,16,17,18,19,20,21,22,23,24,25,26,27,28,29,30,31,32,33,34,35,36,37,38,39,40,41,42,43,44,45,46,47,48,49
H,-0.4862888,-0.28519487,-0.009094415,-0.05151911,0.042997867,2.028198,-0.4196,-0.40016705,-0.23272668,0.54554236,0.82119715,0.46510413,-0.18676552,0.54572,-0.31071424,-0.51633674,0.16329072,-0.00970988,0.38676322,0.22385457,-0.30139184,0.043426257,-0.3608883,-0.035536602,0.06388008,0.24093379,-0.32307497,-0.08804135,-0.11180782,0.34386808,-0.35365266,0.05643163,0.29705024,0.5413095,-0.09587093,0.41287345,-0.186612,0.10916294,-0.08563105,0.23481792,-0.19096355,0.089038946,0.0717678,0.236224,0.10990193,-0.38606632,0.27056658,-0.3791739,-0.017796844,-0.24078137
He,-0.54253817,-0.5355159,-1.4643162,-0.06517059,0.8489285,0.70577276,0.022851761,-0.6094341,-0.015852675,1.3531144,-0.206574,0.35539627,-0.11881952,-0.3943107,-0.21092016,-0.12393556,0.17842785,0.1560978,0.36861596,-0.370786,-0.37407812,-0.5591574,-0.18890497,0.10695266,-0.24897836,-0.71081924,0.38983694,0.08472195,-0.015590131,0.013591044,-0.22756258,0.14029016,-0.096145004,0.19978695,0.022392131,0.4067927,0.114786275,0.19383794,0.1806182,0.10747874,0.08665264,0.047331836,-0.16495946,-0.15265921,0.38381028,-0.10426676,0.024000786,-0.12376453,-0.08516497,-0.21021038
Li,-0.2381912,1.0412644,0.47686562,-0.746849,1.1764034,0.16343348,0.11039461,-0.11596067,-0.37987867,0.19644171,-0.36611688,0.364403,0.30437204,-0.7266381,0.04607953,-0.36687836,-0.08950709,0.23105441,0.29277462,0.41028833,0.6462257,-0.04497777,-0.5347156,-0.09727962,-0.18136048,0.15896034,0.34705174,0.1731063,-0.22605793,0.22674158,-0.025615724,0.17460212,-0.34977624,0.28105906,0.07029036,-0.14811051,-0.019833222,-0.04096659,-0.3031016,0.37847564,-0.27240384,-0.03820411,-0.28376183,-0.31748748,-0.09564406,0.031163549,-0.042606622,0.25708792,-0.3848483,0.15067276
Be,-0.36018685,0.30413377,-0.019093174,0.04693424,-0.7101334,-0.27381766,-0.34507686,0.518999,0.53368664,0.31944805,-0.22582379,-0.35988486,0.20866176,-0.056604214,0.62615705,-0.47605842,0.11543509,0.20458049,0.087757975,-0.10639842,0.0021783663,-0.6382832,-0.16547962,0.0005400665,-0.25554362,0.17095733,-0.29038808,0.44663697,-0.01560184,0.2004335,0.17894682,0.15163873,-0.3994256,0.18478733,-0.20174815,-0.20296967,0.0035591573,-0.116380796,-0.28600386,-0.21231082,-0.15263525,-0.05894135,0.15612029,-0.29689822,-0.06459416,0.43270442,0.18339449,0.04570384,0.28100228,-0.108449325
B,-0.71622765,-0.07141289,-0.0450479,-0.14817849,-0.13020949,0.5321909,-0.39570752,-0.9444295,0.39627188,-0.8102937,-0.12031782,-0.08180428,-0.29563242,-0.4406968,0.10469136,-0.058634646,0.7463093,0.18189609,-0.34350663,0.30926958,-0.63735163,0.27445725,-0.17710763,-0.026974617,-0.34615493,0.08085321,-0.15170795,0.42225054,-0.32588595,-0.16220438,-0.03475166,-0.028750435,-0.053678103,-0.15442365,0.6527769,-0.23369102,0.06634531,0.16631803,-0.310041,0.11863079,-0.14920922,-0.25580356,0.13649887,0.07615972,0.5840124,-0.051223487,-0.2195993,0.022851428,0.0095532015,0.04688794
C,-0.05126083,1.1260763,1.6389542,-0.5978811,0.82205045,2.0650535,-0.42800796,0.9755545,1.4049034,-0.026296474,0.75961125,0.76752067,-0.18752319,0.4105626,-0.7411424,-0.2527149,0.12587412,-0.141384,-0.08146402,0.033266596,-0.10276708,0.9069965,-0.02275689,-0.25603145,0.22820993,0.06054936,0.29743344,-0.10574344,-0.36172718,-0.4143222,0.36136824,-0.3234439,-0.16670287,0.20365404,-0.1065314,0.08459578,0.19582094,0.29366148,-0.19185856,-0.15168107,-0.20576335,0.06012784,0.2373148,-0.3134226,0.10870092,0.076917194,-0.2046312,0.0059087723,0.010051842,-0.06610708
N,-0.32124788,0.64161444,-1.1770335,-0.92572737,0.4276155,0.9271362,-0.9338081,-0.4719962,0.2388778,0.20479894,0.11192971,-0.19960955,0.28833959,0.1173324,0.04066056,0.14293186,-0.3104503,0.14684068,0.31331322,-0.03821986,-0.29928523,-0.031962633,0.28915325,0.49748552,-0.03715218,-0.33510113,0.15173051,-0.09870727,0.15900555,0.09875126,-0.23740768,0.23779134,0.6686045,0.01660452,-0.0053857043,0.1305555,0.039893374,0.3181073,-0.27151063,0.6224649,-0.18082598,-0.36810094,0.077032104,0.18627876,-0.31101888,0.17997238,0.2040441,-0.019489812,0.48252404,0.124304846
O,-0.8345668,0.04786523,-0.66872954,-0.46101943,0.27497387,1.6881205,-0.4506964,-0.1411832,0.42933363,0.1584593,0.30636922,0.34151566,0.062099397,0.040465016,-0.01203949,0.12269087,0.23273104,-0.3245956,0.15369092,-0.1257333,0.20268029,-0.09878712,-0.07211616,-0.101663455,-0.41152194,0.05693354,0.106116675,-0.05780128,0.11555758,-0.076413676,0.098948166,-0.004704738,0.38594425,0.23132887,0.099980734,-0.13492608,0.21544781,-0.40881628,-0.20417348,-0.526238,-0.100008376,-0.090116955,-0.5266638,-0.14346062,-0.35979462,0.1212717,0.030618906,-0.20741278,0.40863222,0.13176084
F,0.8112711,1.4778228,-0.8652456,-0.24102251,-0.8406187,0.3779426,0.15578972,-1.1108682,-0.025140509,0.77424204,0.16779381,-0.2605286,0.05264943,0.26870224,0.28512037,0.775865,0.26597875,0.74095213,0.20990369,0.6794852,0.045446105,0.046862595,0.23414825,-0.27858433,-0.017747886,-0.044894397,-0.69381547,0.2409795,-0.23763686,-0.23280624,-0.19005826,-0.17788671,0.30868685,0.09943218,-0.02699083,-0.0333822,-0.007891435,-0.015083939,0.07629072,-0.31820095,-0.08711427,0.5909883,-0.19500107,0.44115698,0.37884068,0.13298172,0.13602585,0.11367296,-0.19397351,-0.116758764
Ne,-0.33208796,0.39679185,-0.23847789,-0.5099377,0.40506294,0.49274993,0.49702954,0.005681009,-0.21525651,1.555959,0.28653735,0.19050673,0.563095,-0.57043326,-0.18134865,0.42793125,0.15700153,0.13709915,-0.15326527,-0.20918775,0.117683426,-0.53428435,0.3117242,-0.15295324,-0.61893666,-0.12144094,-0.3845625,-0.18220587,0.40793297,-0.24558493,-0.040481832,-0.3663987,-0.06561897,-0.29931915,-0.2743541,0.038199853,-0.007789932,-0.048364893,-0.14545631,-0.010859619,0.31352988,-0.21017636,-0.20288236,0.2183605,0.006185755,-0.04868379,0.0035881847,-0.18565916,-0.1614458,-0.020823162
Na,-1.2771982,-0.9978717,-0.5088864,0.042161614,0.3556465,1.0107205,-0.114118546,-0.080939576,-0.512395,-0.6113764,0.19786532,-0.97940874,-0.09024971,-0.27494568,0.013292558,0.25784546,0.17873955,0.14431565,0.6375102,-0.27752233,-0.30814412,-0.22672307,-0.01581053,0.12732482,0.20031439,0.07136129,-0.58067435,-0.45594746,0.20853518,-0.22894087,0.00431652,-0.021299776,-0.10596228,0.6606535,0.2057962,0.108893156,0.008821028,0.15573105,0.20185892,-0.23817608,0.30128372,-0.15381864,-0.0733179,0.13612866,-0.08729812,0.013091657,-0.107497096,-0.106900156,-0.42351347,0.27418882
Mg,-1.0545199,-0.15103827,-0.59950745,-0.027594704,0.17286484,0.077786624,-0.40678263,-0.6358655,-0.21849422,-0.44127214,-0.0861762,0.35529023,0.19267148,0.16846982,-0.058798395,0.41946694,0.36992103,0.35017186,0.07018478,0.044768628,0.1552867,-0.16358829,-0.02455698,-0.47545058,-0.22568354,-0.005014467,0.19420132,0.12443499,0.21732299,-0.18032083,0.17708534,-0.15842271,-0.5065757,-0.07927141,-0.016042743,0.07105372,-0.49366617,-0.17663714,0.20944285,0.2175237,0.44871247,-0.47254646,-0.009291399,-0.50878435,0.2310619,0.0584918,-0.090382546,-0.19366208,0.21942878,-0.3014515
Al,-1.9052176,-0.55273527,-0.34449682,-0.14152597,0.011649542,-0.07457723,0.32897955,0.7367414,0.38645676,-0.10253571,0.6435374,0.01779265,0.3360961,0.94637907,-0.14733034,0.24201694,0.43489772,0.49127585,0.097181275,-0.120334215,-0.040191554,0.10793766,0.23147538,-0.1838939,-0.35024706,-0.062949516,0.23687261,0.054625917,0.83417046,-0.10546467,-0.058348067,0.6057062,-0.024473784,0.12682322,0.14937922,0.06066377,-0.21792805,-0.027598986,0.35792434,0.109741524,-0.1538383,-0.050181344,0.11730399,-0.40182504,-0.06067241,0.07545217,0.24035808,0.35841304,0.02347295,-0.023826536
Si,-0.3457168,0.9211738,0.53308094,-0.33087862,1.863575,0.3040705,-0.7780267,0.26517352,1.4019682,-0.18680936,0.114440545,0.095737256,0.4804204,0.011847384,0.23298524,-0.40517837,0.55399173,0.14954127,-0.5002934,-0.12429458,-0.14795361,0.17964497,-0.22540107,0.47269693,-0.052247565,0.40464857,0.027598456,-0.3304993,0.075418204,-0.1332305,-0.3661319,0.16751146,-0.019209696,0.17162186,-0.022334993,-0.33709386,-0.46542925,0.29227448,0.13413689,0.056759793,0.11639235,-0.2479701,0.07638601,0.11940278,0.11435414,0.15852061,0.18887901,0.21855542,-0.45507923,0.37953407
P,-0.832867,0.59226507,-1.3956409,-0.10721939,-0.040252,0.42533618,-0.29327697,-0.62798274,0.23494713,0.15569979,-0.22685218,0.42846477,-0.33076212,-0.14234036,-0.02324531,-0.5237067,-0.2843277,0.124075204,-0.054304894,0.7272182,0.21565276,0.8185986,-0.4843726,0.4196235,0.9798436,-0.36061493,-0.059331693,0.03173224,0.6441386,0.19771135,0.08346176,-0.47472912,-0.10467176,-0.52191037,-0.32504052,-0.030898795,-0.24455869,0.12849608,0.21027924,0.07831871,0.004456252,-0.02316668,0.13595074,0.23426177,-0.19519785,-0.117399834,-0.06641304,0.19350019,-0.004003315,0.17124104
S,-0.8386018,0.40057778,-0.7314656,0.16309586,0.17289469,0.6558366,-0.41384077,-0.34047776,-0.21436805,-0.5241611,-0.39190987,-0.052035592,-0.16955379,-1.0072458,0.42933464,-0.21374495,0.09278326,-0.593313,0.50127274,-0.11451299,-0.8179661,-0.045242254,0.7729508,0.19231865,0.08207577,0.08693582,0.5097627,0.2560398,0.048607327,0.040615376,1.0939045,0.23140872,0.3254531,-0.19729802,0.23220876,0.1895611,0.14612891,0.21880412,-0.26109073,-0.29291818,0.13775253,-0.18046322,0.16310188,-0.047358885,-0.20117897,-0.32434085,-0.44966576,-0.15068705,-0.12559076,-0.38329637
Cl,-0.72748137,0.13252214,-0.2842906,-0.77073145,-0.7875205,0.961689,0.9315765,-0.3337384,0.16287011,0.19618022,-0.8701215,-0.4416427,-0.046434257,0.32654482,0.06710454,0.20344704,0.07454386,0.10723005,0.024676796,-0.105707124,-0.20783883,0.12855405,0.37397313,0.4157977,0.032917544,-0.23816656,-0.16260149,-0.060924724,-0.38799325,0.25522336,0.15880758,0.77762276,0.41480845,0.007061992,0.24851811,-0.10844177,-0.31876084,-0.15831104,0.013085663,0.3484931,-0.024631001,0.3778403,0.085714966,-0.061501987,-0.30332246,0.07627967,0.33178246,0.0052998923,-0.19512314,-0.1593559
Ar,-0.35136935,0.72122097,0.2945816,-0.68768466,0.9594189,0.9155787,0.40916348,0.03041124,-1.047141,1.2959354,-0.48863345,-0.26905793,0.6826292,0.16492671,0.35017103,0.2644248,-0.113476336,-0.11057616,-0.299716,-0.7717354,0.0020242361,0.48708954,0.30478042,-0.2250104,-0.2881742,-0.19828407,0.72115993,0.5396323,0.12204975,-0.20171301,-0.1268247,-0.35885677,-0.42838374,0.20215657,0.2260251,0.3235294,-0.1558414,-0.027031673,0.13396358,0.20849963,0.2086123,0.27643463,0.011966774,0.5037601,-0.0018786192,0.003138382,-0.19109708,0.016487004,-0.03734775,-0.025852423
K,-0.75257486,-0.26875317,-0.25872672,-0.01035374,-0.09505522,0.9901453,0.064578846,-0.3555957,0.023480095,-0.70848984,0.6125722,0.39593336,0.068242826,0.20365697,0.015516124,0.21146907,0.27855825,-0.40676004,-0.16049029,0.07701043,0.64286697,-0.44483858,0.152502,0.13950257,0.16017318,0.28956872,-0.23252241,0.016587904,0.34395295,0.03731393,0.09634723,0.22240576,0.03681892,-0.24727526,0.15025032,-0.1982592,-0.16153859,0.08327844,0.4711843,-0.20514172,-0.0814803,-0.002766883,0.12854637,0.009835828,-0.20033988,-0.19622421,-0.1316554,0.074286796,0.0790226,-0.122632705
Ca,-1.1588798,0.34963232,-0.020523936,0.16914685,-0.75951874,0.6875206,-0.16703376,0.03727442,0.63994837,-0.3506631,-0.88189954,0.2746191,0.096630916,0.004050141,-0.03172694,0.33930182,0.449701,-0.49333543,0.15862364,0.10765393,0.4397866,-0.14958063,-0.13792542,-0.26577532,0.6660144,-0.020481814,0.22281826,-0.3052246,0.06820744,0.060516823,-0.17828141,-0.36856723,0.02400668,-0.17712377,0.016587773,0.1460831,-0.27156302,0.60479903,0.011252073,-0.35397604,0.008227646,0.06875338,-0.419593,0.051005356,-0.26528144,-0.19659859,0.40073177,-0.37271446,-0.030308409,0.051600374
Sc,-0.5969832,0.84937054,1.7770147,0.2295896,0.19874272,0.06972176,-0.6127058,0.3975398,-0.41710347,0.21249586,-0.16763121,-0.9134138,0.51155496,0.33496982,0.00064253435,-0.3476694,0.047333315,0.23071203,0.05596473,0.32950306,-0.42383087,-0.40758806,-0.17316017,0.143628,0.20707144,-0.04606169,-0.0057678,0.19232829,-0.0054571815,0.11802436,0.06270912,0.3149876,-0.23016259,-0.4861017,-0.055975456,0.33488792,0.032872155,0.08604414,0.61940455,-0.34210443,0.07240097,-0.024143063,-0.07010559,-0.11615665,0.009984864,-0.13484922,0.15563594,-0.35164618,-0.23143163,0.004966794
Ti,-1.3936069,-0.2361925,0.044543296,1.8387687,0.059341732,-0.059624605,0.14819998,0.66662586,-0.5645226,0.35105565,0.015602177,0.41611278,-0.06674123,0.05342327,0.2628705,-0.20534143,0.070650294,0.11673115,-0.15293807,0.46667522,-0.082754925,-0.19535911,0.0031648828,0.06210956,0.09919687,-0.12741444,0.21653137,-0.3290441,0.086485825,-0.067444086,0.091481075,0.31793886,-0.03515272,-0.09851418,-0.15821993,-0.08798557,-0.27578974,0.28053397,-0.16727388,0.16738588,0.48024714,-0.031234946,-0.28801283,-0.3263185,0.06379118,-0.07047894,0.13176724,-0.04692094,0.28794277,-0.18956216
V,0.4125259,2.4944663,-0.36838853,0.645442,-0.30298683,-0.23543711,-0.2513131,-0.29962826,-0.19746196,-0.44476765,-0.03628528,0.18880175,-0.6755563,-0.1999102,0.16337861,0.3098233,-0.28806072,-0.15166721,0.18535689,-0.46840554,-0.34873462,0.5128731,-0.23275492,0.04931923,0.03682199,0.2858175,0.45729774,-0.4199077,0.107827954,-0.14412807,-0.22938363,0.054693542,0.11455483,-0.26376852,-0.3084275,-0.21865937,0.487625,-0.051106453,0.02821415,0.5190632,0.028576456,-0.04733356,-0.25549304,-0.083808444,-0.14017676,-0.018977202,-0.32784706,-0.01283575,-0.1386297,0.19391295
Cr,-0.9645945,0.27277464,-0.1003433,0.29612544,0.40585518,0.10871514,-1.026119,-0.24950168,-0.41551718,-0.6828414,-0.11641846,-0.01710614,-0.51532865,-0.39616698,-0.050453752,0.12013443,0.03330771,0.10560121,0.06774454,-0.28316474,0.23046605,-0.21278012,-0.13402352,0.2669098,-0.33910137,-0.48029166,-0.31033766,0.11765773,-0.2856848,0.26449174,-0.084337495,-0.1406817,-0.30857566,-0.4056828,-0.043236893,-0.3000412,0.16023856,0.0020270124,0.18485859,0.025661055,-0.109570324,-0.04509309,0.1188091,-0.0019036392,0.111580454,0.016214292,-0.20086037,0.1504432,-0.28411052,-0.3246013
Mn,0.465454,2.6517506,-0.049717225,0.54733044,-0.5943464,0.686796,-0.625201,0.12059824,-0.74346125,-0.8879039,-0.54038036,0.3472212,-0.58735275,0.33935133,0.11195912,0.5787066,0.07107552,0.09043201,0.35690054,0.04958871,0.15177332,-0.30480528,-0.4042194,0.10497031,-0.28864488,0.038607284,0.329525,-0.4258226,0.03285179,-0.2819687,-0.07112975,-0.33608687,0.1252518,-0.022914402,-0.038149484,0.17262153,-0.37584364,-0.45424122,-0.043525435,0.1358761,0.0060307756,0.27168885,0.1811217,0.033024076,0.0695661,0.25653905,-0.29562217,-0.07682791,0.2651442,0.37240434
Fe,-0.8070954,0.50844646,0.012489914,0.46410155,-0.057030737,0.80986,-0.70076066,-0.6724373,0.06853654,-0.56758404,0.38334352,0.49495873,-0.33478454,0.7208551,0.053014874,-0.07471533,0.26753536,-0.42954227,-0.2108473,0.0021448545,0.54138696,-0.45379236,-0.3409239,0.14481121,0.13775408,0.15332897,0.29860398,0.0011701398,0.07164039,0.1778758,-0.2753587,0.41211814,0.008782272,0.0927817,-0.3356483,-0.061262928,0.1276309,-0.30360055,-0.12556449,0.11700445,-0.0071291327,0.47470802,-0.15887196,0.10473029,-0.029011067,0.16223386,-0.17965335,-0.21043327,-0.38763314,-0.16252093
Co,-1.4346032,-0.5974785,0.30445024,0.459534,-0.12585816,0.37181085,0.27698612,0.26662642,-0.31266308,0.08825602,0.2428428,-0.42002004,-0.28194806,-0.2376852,-0.5153056,0.21220875,0.23138574,0.15908228,0.28682032,0.2754885,0.3547773,0.27204248,-0.44217622,0.2674204,-0.25738448,-0.41810012,0.6390728,-0.24286449,-0.31499422,0.08409483,0.031936765,0.20278075,-0.21389261,-0.035101123,0.23931468,0.04638276,0.50371706,0.002646368,-0.08002134,-0.16128224,0.23959997,-0.23303472,0.09102877,0.38279277,-0.31005082,0.24329337,0.2549101,0.1683209,0.0140832085,0.1975634
Ni,-0.1539695,1.0939492,-0.6784556,-0.23465845,1.2689633,-1.1161319,0.81799996,0.1661685,-0.41287202,-0.7143371,0.5973842,0.20302816,-0.011478633,0.13757947,-0.25221288,0.06699133,0.24928641,0.042920668,0.106674865,-0.34509942,0.13529481,-0.18053354,-0.25702053,-0.5435852,-0.041768182,-0.062407807,-0.21127726,-0.09663355,-0.07141482,0.00968679,-0.3522643,0.3337311,0.04577051,-0.14263558,0.21818286,-0.30023494,0.6948149,0.16287145,0.21971115,-0.12721421,-0.18215443,-0.032638814,0.38293043,0.11634253,-0.47041312,-0.057932913,-0.39463437,-0.097571924,-0.44294894,-0.20135288
Cu,-1.035651,1.4885755,0.26797098,0.5609796,1.0456568,-0.30529574,0.29601067,0.5050887,-0.4690412,-0.31060207,-0.9038027,0.12503648,-0.4620815,0.08003765,-0.079051994,0.45575666,0.2718447,-0.38142586,-0.5710391,0.06468468,0.12320237,-0.041702174,-0.15962853,0.081459284,0.15424192,0.166152,0.21308705,0.49397677,-0.07988633,0.04335025,0.16914989,0.001471825,0.21066786,0.11448535,-0.27709848,0.25861353,0.022184532,0.18424779,-0.2257129,-0.15612152,-0.14129183,0.47903606,-0.27992284,-0.27233517,0.20810115,0.34575677,0.09327643,-0.15287143,-0.037314575,-0.041224517
Zn,-0.60497016,0.056210186,-0.19420312,0.47106588,-0.14663443,0.8681242,-0.4244231,-0.02269252,-0.22880977,-0.45503873,-0.13659942,-0.12779371,-0.4175185,0.058076866,0.017280001,0.40224448,-0.01044634,0.008441621,-0.34823528,0.14143956,0.5813414,-0.07931228,0.5082308,0.16645986,-0.94129795,-0.6173786,-0.041402034,-0.120935924,0.2491453,0.108518854,0.070998825,0.04555442,-0.21249583,-0.45037562,0.023908105,0.1727889,-0.21671882,-0.2483401,0.3071282,-0.26051807,-0.0831593,0.2661042,0.19867253,0.1085856,-0.13602181,-0.2415671,0.16439351,0.35707116,0.18299104,0.13639225
Ga,-1.0913265,-0.10440955,-0.744533,0.9537933,0.044809032,-0.38713026,0.6105088,-0.08078726,0.26127988,0.6117308,0.1778241,-0.061132457,0.61979705,0.53067327,0.28423828,-0.4819349,-0.042900283,0.3791607,-0.72764957,-0.052257843,0.030200295,0.16188064,-0.09306668,-0.12036802,0.1345612,0.0038546566,0.3773038,-0.032778494,0.20345442,-0.09497195,0.049460366,0.020728536,0.23708552,-0.1333611,0.29788193,-0.61877716,0.23857826,0.15639909,0.22875002,-0.3848535,-0.024955764,0.14913961,0.087883644,0.0033466667,-0.16796644,-0.24704891,-0.2019163,0.13358086,0.20042546,0.27027458
Ge,-0.26719898,0.018144157,-0.14591707,1.2749674,0.21299991,-0.07728596,0.22788128,-0.003190659,0.4863512,-0.3246429,0.23866454,0.5553671,0.3327632,0.5030121,1.873775,-0.46826196,0.27962077,0.27843314,-0.59584284,-0.5817189,-0.9805064,-0.09547024,-0.20996991,0.18195406,0.015408039,0.21098101,-0.5151752,0.03773188,-0.082313724,-0.11746439,0.045724347,-0.031396016,-0.20255876,-0.20107272,-0.23905796,0.48834535,-0.14540055,0.34891897,-0.24211107,-0.27223766,0.13933808,0.044579275,-0.0024984777,0.3447045,0.047369324,0.23227987,0.080679916,0.08781404,-0.076780446,-0.07930015
As,-0.64521366,0.5773475,-1.0660313,-0.45823407,-0.37008092,0.43343118,0.4342025,0.7169191,0.72891796,-0.8777561,-0.038899746,-0.07815698,-0.28812462,0.6381593,-0.37885728,-0.44983193,-0.62356913,-0.25997385,0.13816188,0.41602418,-0.7524285,0.1477513,0.13450888,-0.3125895,0.12069444,-0.031034056,-0.1196686,-0.26399902,-0.19724162,-0.28519616,0.45758504,-0.4406911,-0.6201138,0.117431834,-0.109086245,-0.1941337,-0.08746253,-0.07595821,0.35426104,0.20235503,0.20722462,0.12982881,-0.35646674,0.2080688,0.32625166,0.038775593,0.04742992,0.118902825,0.09793438,-0.18881905
Se,-0.59654355,-0.056770504,-0.26842174,0.07593787,-0.02527206,0.7629931,-0.12938634,-0.17496902,0.03721841,-0.9492054,0.20433319,0.7514647,-0.020006659,-0.673114,0.110285945,-0.13782461,0.10464683,0.31382027,-0.8174389,-0.04705215,-0.020745743,-0.3323943,0.2007949,-0.26218274,-0.39430583,0.07083483,0.17252193,0.2927816,0.63371646,-0.029332776,0.09607487,0.05523573,0.25932226,0.22668862,0.044917203,-0.115561,-0.16308203,-0.516256,-0.0041480917,-0.3495521,0.043584317,-0.14969802,0.14945652,0.4079643,0.37347993,0.08641019,-0.25214258,0.060547456,-0.1737603,0.08510116
Br,0.51793575,1.8381274,-1.5630652,-1.0865726,-0.9243089,0.03409324,0.9450351,-0.37014714,-0.58540815,0.5167029,-0.59042716,0.23035759,-0.20757486,0.25614908,0.43725663,-0.3330328,-0.45491773,0.5688162,0.3509746,0.37747836,-0.16257155,-0.024887383,0.53035384,0.10317437,-0.024366796,0.4567247,-0.21918795,0.19721474,0.036618322,-0.23512231,-0.26733264,0.1225195,0.31463528,0.2685907,0.20968215,-0.011108357,0.21788499,0.14695767,-0.03193641,-0.10626742,-0.002796568,0.097824484,0.39551044,-0.50617,0.19810157,0.46984965,0.103516206,-0.18297115,-0.28289545,0.26510096
Kr,-0.46793142,-0.8246287,-0.27485347,0.03333573,0.6808152,0.5948186,0.08908507,-0.700832,-0.6586158,0.8573722,-0.04920288,0.27471024,0.37877977,0.07985728,0.022732373,-0.2332452,-0.55285037,-0.5712723,0.32327777,-0.6620545,-0.10711009,0.03733137,0.10452856,0.06510277,0.23758596,0.31271648,-0.447558,0.24357043,-0.15602371,0.28377122,0.148418,-0.5290401,-0.390662,-0.14689514,-0.012346245,-0.2931037,0.37167302,0.1487699,0.13110587,0.15787432,0.28305018,0.46505034,-0.03674896,0.037025087,0.17184608,0.2078968,-0.11309756,0.57587194,0.20737144,-0.07142444
Rb,-0.20001787,-0.07287374,-0.29407305,-0.56819636,-0.71804136,-0.25650364,0.26731285,-0.89441395,0.15169357,0.0126116,0.15681542,0.6369146,0.21349531,-0.7618327,-0.26351434,0.065186016,0.2817434,-0.18259564,0.19239847,0.5176294,0.26132974,0.029260296,-0.2659906,0.11748705,0.23482513,-0.12200896,-0.057618417,0.19584413,-0.24427569,0.3710354,0.09206986,0.24899077,-0.49106902,0.37072337,-0.3146484,-0.18511203,-0.07442083,0.27223003,0.17487773,-0.29782856,0.24810728,-0.08195705,0.28552344,0.3728789,0.12865607,0.1592017,-0.12374805,0.09607102,0.38728774,0.1875053
Sr,-0.50447834,-0.3560853,-0.1020172,-0.7621566,-0.09805939,-0.6179441,0.43570447,-1.1183605,0.09003116,-0.9196147,0.30225268,0.2414614,0.16231228,0.12702504,-0.13949905,0.4380347,0.072958924,-0.012750883,-0.33293116,-0.5102184,0.34525466,-0.043796238,0.3328259,0.24861324,0.45474246,-0.1202693,-0.17085429,0.5457001,-0.48219526,0.17981878,-0.3181771,-0.5473052,-0.49796617,0.19542852,0.13204056,0.0033509284,-0.05912178,-0.026074681,0.16207574,-0.05598446,0.07387515,-0.11169543,-0.0077858735,-0.29789868,-0.077586286,-0.2869665,0.08720268,-0.41179734,0.18096557,-0.06877975
Y,0.14912404,0.63944745,0.755347,-0.46744233,0.71415085,-0.8531758,-0.9057874,-0.45745403,0.48825657,0.22153944,0.07818947,-0.458447,0.68898255,0.4430177,0.38612726,0.2326232,-0.22663277,-0.9195618,0.07526724,0.24772356,-0.43447268,-0.24747983,0.14674759,0.23214692,0.17574804,-0.428536,0.0628733,0.19068314,-0.25313708,-0.10616075,0.33752957,-0.30340475,0.6595013,-0.24688715,-0.06658366,-0.3087709,-0.020156866,0.007674873,-0.08553323,-0.36515743,-0.13312693,0.24413285,0.08318676,-0.005994264,-0.288872,-0.102775425,0.22800936,0.1098387,-0.027724536,0.08421028
Zr,-0.7915567,-0.22344908,0.2807947,0.73025733,-0.13029717,-0.05628717,-0.19526193,0.20335796,-0.3135277,0.75452626,0.36544812,-0.5204145,-0.20531882,0.20353433,0.41640687,0.035184562,0.5295695,0.074345216,0.25965035,-0.00744655,0.21404913,0.18527594,0.25694367,0.43280524,0.28424123,-0.20078796,-0.1688501,0.2250688,-0.06186549,0.28029504,0.029717725,0.0856229,-0.25417775,-0.21635595,-0.071589135,-0.13009858,-0.07095228,-0.0026203706,0.006754212,0.007076645,-0.34461316,-0.25615066,-0.1436909,0.14870006,-0.17403406,0.26269913,-0.2641614,0.02855664,0.009542957,-0.007645297
Nb,-1.0584668,-0.3911373,0.18495291,1.1695359,0.06310024,-0.12020944,-0.47564948,-0.061078683,-0.56325984,-0.18568549,0.14361736,-0.1622768,-0.19660705,0.28631043,0.6098763,0.33164692,-0.28333524,-0.12813453,0.2855662,0.020901024,0.0966833,0.1086093,0.12095578,0.38519213,0.08185002,0.32130563,0.3955623,0.5272198,-0.3499787,0.0217648,-0.09552269,0.04592555,-0.32290524,0.31603286,0.30942917,-0.3421705,0.040239595,0.43207365,-0.094788104,0.10293896,-0.17237978,0.05657909,-0.37871146,-0.06223156,-0.22569215,0.050451897,0.26280612,0.21187061,-0.08816518,0.22058624
Mo,-0.93472433,0.5649243,-0.24220264,0.9382427,0.058027867,-0.89708155,-0.9146392,-0.19311282,0.42176193,0.20348229,-0.0034789108,0.010566773,-0.7735331,0.048258267,0.38559937,0.14671728,-0.58781046,-0.1260269,0.30362937,0.25531825,-0.12135012,0.24113007,0.1281861,-0.0074600168,-0.0076999245,0.1275287,0.20392346,0.27952334,0.3570614,0.37807754,-0.20684312,0.05841487,0.11203857,-0.17020012,0.21690913,-0.29680064,0.17233247,-0.102105,-0.411085,0.050935466,0.14546494,-0.27342287,0.2784654,-0.085423425,0.1694434,-0.21504644,0.3034643,0.055976808,-0.2603507,-0.013862763
Tc,0.43770933,-0.2894709,-0.0028536469,-1.3706129,0.6342095,-0.94214493,-0.4520732,0.25350335,-0.49430025,-0.30387074,-0.18140192,0.19118161,-0.29560876,-0.35361418,0.3444157,0.18522823,-0.09535883,0.080989845,0.11590193,-0.018077478,-0.1278234,0.47976822,-0.19673583,-0.33613452,-0.46868372,-0.7321036,0.530594,-0.7401196,-0.69543767,-0.114520445,-0.059910085,0.16393715,0.16089451,0.15395099,-0.45310116,-0.15810062,-0.54158354,0.100169845,0.4194947,-0.16494544,0.08863605,-0.008742105,-0.10335152,-0.011903937,0.30452126,0.17538926,0.35885108,-0.012039792,-0.3503039,-0.30521777
Ru,-0.64764005,0.6879239,-0.03975472,0.27250665,0.8972354,-0.82260036,-0.89039016,-0.6720931,-0.2645358,-0.061016604,-0.22290075,0.25273716,-0.10346402,-0.64636207,-0.066165835,-0.44297564,-0.25537944,0.6476993,-0.17785384,-0.23982626,-0.027537137,0.35137665,0.62695336,0.08402576,-0.13092713,-0.09235198,-0.09168207,-0.14656986,-0.27015796,0.48704064,0.15746945,-0.2982134,0.2297264,0.45596457,-0.06581699,0.0068048276,0.32468775,-0.17911424,0.57064104,0.22933118,0.015790291,-0.26386902,0.20174237,-0.1408277,-0.20693982,-0.123655796,0.0034918133,-0.32677156,0.1416543,0.1591015
Rh,-0.90717304,0.22140597,0.25226805,0.3460874,-0.30269903,-0.28465146,-0.19010454,0.31255847,0.029761799,-0.3891496,0.47226134,-0.35934657,-0.12057537,0.41361144,-0.48916763,-0.67315495,-0.20923272,0.18176782,0.023360562,-0.31137198,0.70829564,0.5244,0.5179266,0.4795906,-0.42897847,-0.014135083,-0.18770185,-0.1328475,-0.23896131,-0.34654176,-0.14457986,-0.16428612,0.24517825,-0.10264645,0.07677033,0.35527414,0.25953087,-0.0528088,0.10772441,-0.28968304,-0.25993562,0.06523998,-0.22775353,0.05359689,0.49029556,0.039477862,-0.20023209,0.17257895,0.41682324,-0.252425
Pd,-0.88962007,-0.35802066,-0.7389147,1.4143331,0.10371557,-0.5123745,0.44446427,-0.17698006,-0.078912795,-0.070680305,0.13091365,0.63819826,-0.57987094,-0.07710857,-0.015055001,-0.10005014,-0.14489815,0.118262865,-0.18707408,-0.092066355,0.15346391,-0.18582779,0.46391404,0.18133359,-0.06227862,0.22244585,0.059494276,-0.38828367,-0.031476382,0.17956384,-0.061299678,0.32755256,0.10347575,0.07041834,-0.19755322,0.27505052,0.19442408,-0.29925454,-0.28068954,0.2663378,0.078408614,-0.006450083,-0.081299394,-0.1419455,0.0902923,-0.35099822,0.2667328,0.025602425,0.25442332,0.30980557
Ag,-0.60078037,1.9088354,-0.23034614,-0.25592685,0.7047434,-0.6571651,-0.024150372,0.75985146,-0.03692668,-0.6373998,-0.8316153,-0.15629022,1.3825178,-0.646157,-1.3687959,0.17757276,-0.22237056,-0.009698266,0.16607873,-0.20627667,-0.25596303,-0.26137763,-0.123739645,-0.08879229,0.21789497,0.33802512,-0.5730636,-0.15740094,0.10136222,0.5879336,0.10144319,-0.15124565,0.40237343,-0.21492714,-0.31375915,0.10740649,-0.008684323,0.007201965,0.035550322,-0.05703613,0.08357452,-0.24279907,-0.08730935,0.14040163,0.2047899,0.030582696,0.31902483,0.04997132,0.33465,-0.1941395
Cd,-0.6211033,0.105054766,-0.9686622,-0.86387444,-0.03361633,-0.38345188,0.007345803,0.21409172,-0.3350153,-0.4786737,0.026706247,-0.41582164,-0.23101753,0.6828186,-0.35885397,-0.22600746,0.008310683,-0.28965205,0.34434205,0.36135983,0.20659119,-0.4559623,0.2066474,-0.44303903,0.022443896,0.09588239,0.5767379,0.09290974,-0.43753958,0.39207998,-0.0030890924,0.24130291,-0.55992055,0.052226856,0.27409482,0.310626,0.042073444,0.3814041,0.052333295,-0.16726246,-0.12311511,0.10445343,0.40400434,0.15064,0.18271531,0.131261,0.08356642,0.3032058,0.23710223,0.45350015
In,-1.4946449,0.33538508,-0.5851808,0.35612777,-0.011005063,-0.69740677,0.39522386,0.011794116,-0.018612135,0.17743793,-0.41867357,-0.38081354,0.7053447,0.0510431,-0.2107245,-0.013913406,0.16635782,0.12363666,-0.21622837,0.102671646,-0.29304594,0.56752014,-0.37011945,-0.38993332,-0.21695518,-0.081413165,0.024139084,-0.020880364,0.746601,0.14535591,0.4070328,-0.20698187,0.0059245713,0.4580792,0.43041962,0.073225796,-0.17322384,0.22007924,0.03200858,-0.055040862,-0.37348107,0.1326352,0.42729494,-0.34898615,0.010187749,-0.40419626,0.08108622,0.060664166,-0.19863237,0.06593505
Sn,-1.5963197,-0.1869832,-1.0282081,0.79099995,0.21067554,-0.27360296,0.49957818,-0.16120014,0.23390543,0.07763389,0.0074659437,0.030734142,-0.28770232,0.587341,-0.7231458,0.8152892,-0.03810935,0.27644756,-0.29311544,0.029984208,-0.38695836,0.35122386,-0.13283819,-0.47865117,0.048450816,0.11528881,0.155905,0.07473657,-0.022592485,0.107921354,-0.467441,-0.40462932,-0.19097102,-0.5434386,-0.19995111,0.3348579,-0.08728315,-0.23779115,-0.12419808,-0.42213112,-0.19432855,-0.2289365,0.088153645,-0.12826791,-0.23961392,0.25919557,0.17856446,-0.08092014,-0.119639814,-0.034682345
Sb,-0.72049445,0.2125302,-0.29564142,0.17825139,-0.50270283,0.10903014,0.07061197,0.67340064,0.1606861,-0.93383586,-0.21552385,0.08344765,0.31537262,-0.260296,-0.05214493,-0.60663086,-0.5709961,0.017959524,0.18374473,0.14135902,-0.43427253,-0.43972176,0.00018037483,0.33962184,-0.45711935,0.06395178,0.021974564,0.65366125,-0.256576,-0.06917346,-0.3309598,-0.13054022,-0.09406848,-0.30387044,0.52288336,0.11166729,-0.1588813,0.011075007,-0.09513159,0.07099375,0.3512115,-0.10187626,-0.012587661,0.1748103,-0.22600043,0.085729524,0.31915587,0.23594698,-0.07702972,-0.15481323
Te,-0.27577487,0.81337535,0.55155957,-0.4224903,0.08827548,0.0028889086,0.5072173,-0.52913404,0.97903347,-0.09932414,-0.36184147,-0.08304047,-0.58102083,-0.40251315,0.010010676,0.018234285,-0.4397019,0.56144834,-0.69617784,0.092981,-0.3132355,-0.31089473,-0.25212127,-0.6341561,0.22756779,0.050422397,-0.18523501,-0.072110176,-0.08762579,0.465298,0.2808734,0.47788757,-0.42918563,0.41370946,-0.024220172,-0.15837415,0.20674168,-0.5745842,-0.14081028,-0.04024962,-0.014061287,0.100332975,0.27401584,0.5911426,-0.26678222,-0.2860961,0.47998554,-0.16838118,0.06092139,-0.23756388
I,-0.36646023,0.4224435,0.06402575,-1.1742194,0.77810115,0.99109596,0.59513223,-0.35030138,-0.15404876,-0.16912466,-0.90318024,-0.19024852,0.51194715,-0.00327871,0.19655141,-0.20287514,-0.09585656,-0.1264697,-0.6187223,0.5693509,-0.18887061,-0.013395425,0.012174051,0.1385765,0.5042517,-0.45808035,-0.51767755,-0.5124162,-0.33279258,-0.6857443,0.038497664,0.3869266,-0.22469655,-0.28660375,0.13174081,-0.3832326,0.22958872,-0.4540624,-0.017385691,-0.050966438,0.1588282,-0.09130842,-0.07876369,-0.49634182,-0.44108677,0.14129692,-0.2123718,4.4330955e-07,0.3924927,-0.020652678
Xe,-0.72055364,-1.0228316,0.6801846,0.5513337,-0.2702185,1.6073534,-0.6840366,0.32858458,-1.1554163,0.6112717,-0.37444064,-0.24930544,0.23669247,0.5188763,0.10778777,-0.10923522,-1.0476943,-0.5989077,-0.30886158,-0.5814981,0.028667867,-0.31987968,-0.3357569,-0.6266151,0.17685308,0.28519553,-0.011206479,0.2288996,-0.4970696,-0.20480216,-0.41485137,-0.038293913,0.23266639,-0.35082573,-0.41907233,0.05880445,0.04125304,-0.39386615,0.27378947,0.24826942,-0.2671582,-0.53632295,0.7270992,0.009111866,-0.0020276606,-0.2943552,0.20789868,-0.0014012693,-0.02696286,0.29286528
Cs,-1.2910008,-1.5272033,-0.6810519,0.24975637,0.46018583,0.3336798,0.5946913,0.32476223,0.30690467,-0.297283,0.3011399,-0.60287136,0.10047171,-0.5486711,0.02950817,0.38036644,-0.115230806,-0.07777872,0.63672274,-0.34847862,0.34650147,-0.080218054,0.15943725,-0.10351777,0.35839313,0.3444997,-0.32706848,-0.27245143,-0.3927616,-0.5545888,0.040246736,0.19851059,-0.0066601746,0.22588822,-0.07875691,0.16653042,-0.20738772,0.17244396,0.05665523,-0.21596824,0.42716622,-0.26236776,-0.13858166,0.026509346,-0.16073723,0.015742261,-0.18622448,0.2411661,-0.16299333,0.26656008
Ba,0.545824,1.8089918,0.012399912,-0.30161077,-0.3387056,-0.27744454,0.57603246,-0.27869105,-0.7924534,-0.7192231,1.1068664,-0.4018812,0.8465541,0.19426662,1.2911162,1.0787175,-0.06288521,-0.82136387,0.3695851,0.3310821,-0.11585345,0.90975416,-0.15794307,-0.055608958,0.15839967,0.021814235,-0.18525237,0.01555929,-0.13653998,0.34137514,-0.30303383,0.21042153,0.2793917,0.06398558,-0.2847637,0.4034491,0.0020755306,-0.117346026,0.019503295,-0.14165431,0.12723145,-0.3898604,-0.16749704,-0.055805605,0.29113835,-0.3852278,-0.26754826,0.16791639,0.223149,-0.13370636
La,-0.07683103,0.5431353,0.5726917,-0.2812155,0.50629187,-0.7235788,-0.18076316,-0.783661,-0.13123481,0.07195428,0.47104722,0.01835965,-0.11055316,-0.1661377,0.19696635,-0.20108515,0.12931679,-0.4468938,-0.54798317,0.10525854,0.37729657,0.19205968,0.42298937,-0.30644494,-0.34929138,0.5027238,-0.4544884,-0.11817323,0.14053947,-0.6237136,0.038909808,0.36115277,-0.15534432,0.22447848,-0.17157531,0.08259064,-0.12601171,0.14087115,0.1348527,0.45885605,-0.12951602,0.20782223,-0.060804818,-0.10936687,-0.10105026,-0.5317652,0.3490079,0.02793258,0.21845886,0.100249715
Ce,-0.7549131,1.1378622,1.2674541,-0.42735153,-0.27703124,-0.32012284,0.20200446,-0.35072082,0.523744,-0.07655535,-0.68375343,-0.2281886,-0.16968647,-0.21468472,-0.1365844,0.17354329,0.4450205,-0.19567353,0.01247423,-0.83211446,-0.052110717,0.100420885,0.5560465,0.1039888,-0.24900007,0.18074988,-0.03993508,-0.2990427,0.14598793,0.08098793,0.1850645,-0.40625918,0.1862525,-0.14606746,-0.1493793,-0.16443123,0.13865316,-0.05415261,-0.005439909,0.01989688,-0.10199998,0.111260414,-0.1241112,0.015665498,-0.096098825,0.13832521,0.2900949,0.17436583,-0.13927108,0.31352916
Pr,-0.5563377,0.602575,0.9808082,-1.0706316,0.23668338,-0.91915715,0.822206,-0.7164777,0.4444247,-0.11543585,0.49565935,-0.28791058,-0.70905477,-0.29036224,-0.40682572,-0.14181176,-0.3467878,0.25520784,0.15567209,-0.10807331,-0.35137135,-0.3656389,0.1339258,0.17390944,-0.13686639,-0.041155487,-0.13470969,0.18237454,0.503489,-0.3335136,-0.44646335,-0.60382366,-0.003933536,-0.020250177,0.15173545,0.15795866,-0.03759545,0.34879744,-0.11878148,0.19135575,-0.3809347,-0.13341637,-0.23959693,0.12554193,-0.27000377,0.076425314,-0.41529614,-0.046031862,0.14175491,0.24408193
Nd,-0.7556149,-0.9198128,0.12802702,0.008257387,-0.83364266,-0.6273471,0.17667127,-0.4741373,1.071476,-0.012276866,-0.12871394,0.5926042,0.16708049,-0.015378775,-0.22546306,0.57578444,-0.08900048,-0.1628282,0.275382,-0.28167865,0.21798036,-0.2808107,0.51912683,-0.40978402,-0.0607981,-0.10823583,0.15121648,-0.21946393,-0.19938856,-0.50546914,-0.48041004,0.013415955,0.28466457,-0.50752455,0.15555641,-0.07791294,-0.08712815,0.38383526,-0.0405282,0.26733562,-0.026781693,0.056970634,0.20330375,0.1788378,-0.23037562,0.12749434,-0.015327819,0.17673084,-0.042000514,-0.25545284
Pm,0.17484275,-1.1197853,-0.5612602,-0.6578647,-0.15682013,-0.89445925,-0.5778883,0.33404863,-0.8720771,-0.45369264,0.32539403,0.6309859,-0.044498503,-0.21362697,-0.112571865,-0.59658784,-0.17462726,0.15172808,-0.13738018,-0.17851758,-0.1777814,-0.23515306,0.6199317,-0.55184865,0.5802455,-0.79791296,0.2872505,0.26774636,0.016319964,-0.5171657,-0.27139544,-0.10922918,-0.1025023,0.16337158,-0.3583629,0.11467117,-0.10172663,0.084137745,-0.31021327,-0.121114686,0.060570598,0.17313221,-0.17151846,0.22692569,-0.043270536,-0.08894265,0.16897628,-0.054854687,-0.179592,0.43471742
Sm,-1.569897,-1.3426868,1.0974768,0.28809115,-1.0410553,0.09304771,1.5768846,-0.4009282,-0.36014304,0.021302804,0.20083714,-0.19912411,0.03213859,-0.18188748,-0.0794321,-0.52003956,-0.18329363,0.18215469,0.106632516,0.5555713,-0.23277897,0.3659581,-0.18763286,-0.0018755011,-0.41887346,0.0058566257,0.37677732,-0.45180207,0.023823343,0.096921064,-0.098572336,0.047985498,0.24654163,-0.4898639,0.27598506,0.17529932,0.33309954,0.18202835,-0.1069852,-0.22238952,0.40289,0.058979973,-0.1768978,-0.12485962,0.058141284,0.07446711,0.10644395,-0.48420262,0.094319336,0.17382516
Eu,-1.3034999,-0.9425838,1.1873245,-0.35705513,-1.15259,0.0789585,0.79725343,-0.36339867,0.09576405,-0.0499814,0.4073009,-0.26273257,0.23968852,0.24353811,-0.275112,0.041095756,0.44945008,0.28011757,-0.20173693,-0.49876475,-0.4449181,0.6783949,-0.41294545,0.0825345,-0.15844785,0.14337647,-0.0010628365,0.023913983,-0.2065588,0.2859814,0.47488326,-0.04039249,-0.14042586,-0.02387552,-0.55431676,0.36099505,0.17405379,-0.17739195,0.06307249,0.19806907,-0.14847396,0.2675458,0.3445236,-0.14550878,-0.05421216,0.052440703,-0.011842774,0.13220957,-0.07328672,0.117983975
Gd,-0.63140404,-1.0177681,2.172028,-0.9365057,1.3922008,0.60578835,0.7524297,0.08586885,0.19887765,-0.32770884,-0.50007534,-0.2784828,-0.07563032,0.02307783,0.8021332,0.04800053,-0.8073952,1.2805845,0.64232874,-0.5083078,1.0812578,0.12885532,-0.13433062,-0.35420042,0.24467097,-0.14819819,0.1599659,-0.031384878,0.22539754,0.4437667,0.021720156,0.05071675,0.42745474,-0.2493234,-0.18852255,-0.23769502,-0.13729222,0.2859206,-0.5170592,-0.49732533,0.14799419,0.21364741,0.31545538,-0.019438256,0.43202317,-0.14167045,-0.31837854,-0.12540345,0.15999423,0.050984446
Tb,-1.045953,-0.8613696,0.73701364,0.08563747,-0.6935242,-0.18083033,0.17376903,-1.0545871,-0.065662466,0.4944108,0.4787946,-0.35749236,0.08375767,-0.4854827,0.032691523,-0.2718407,0.4783471,-0.50411284,-0.2537268,0.17986451,0.06939869,0.3893104,-0.49596137,-0.021255301,-0.348261,-0.14556675,-0.12451801,0.12482738,0.07067958,-0.104446955,0.4264025,-0.20502783,0.2123073,-0.064413175,-0.32945675,-0.10987358,0.052613664,-0.30327225,-0.04145907,0.3465835,0.19266845,-0.12332856,-0.31111097,-0.2892818,0.15670007,0.25865552,0.14108747,0.20783961,-0.19744977,0.3328715
Dy,-0.96933466,-0.19562033,0.68710274,-0.02737988,-1.2469547,-0.6475003,-0.0548874,-0.61905396,-0.3070674,-0.4901939,0.062223278,-0.045739807,0.3579076,0.15106465,-0.20198026,-0.2993055,0.37869903,0.20030971,0.35179287,-0.072562546,-0.107406184,0.08395105,-0.26597172,0.1135026,-0.5823781,0.23818055,0.16010617,0.071712375,-0.44349766,-0.060008418,0.079503104,-0.22144158,0.25619638,0.41061556,-0.3275918,0.04912644,0.04021189,0.10629401,-0.1720502,0.08153328,0.2989967,0.32594806,0.61065805,0.076998085,-0.48507577,0.1473676,-0.092137985,-0.0348047,0.14755633,-0.43641457
Ho,-0.5241889,-0.58187646,0.901723,0.42608768,-1.1247497,-0.32096523,0.111524284,-0.6170103,0.64445263,-0.14545913,-0.804327,-0.22947271,0.23286158,0.073405154,-0.17582579,-0.29819995,-0.30405903,-0.23759738,-0.10674024,0.08056766,0.6213944,-0.29688337,-0.6913222,-0.12613243,0.13077492,0.15475503,0.039668042,-0.10473992,-0.07446818,-0.6149807,-0.43519935,-0.061536737,0.22514968,0.35750195,0.038086362,0.04822463,-0.11304082,0.25036845,-0.13187464,0.22437504,0.09203494,-0.3681568,0.09801255,0.23327836,0.016662173,-0.018247377,-0.11364688,-0.03444036,0.1390751,-0.23898548
Er,-1.0659416,-0.17371055,0.6731534,0.1080668,-1.3121227,-0.11999094,-0.40455985,0.26366705,0.32594943,-0.08519637,0.0259999,-0.2608755,0.048098747,0.06075557,-0.04185974,-0.4010502,0.5747012,-0.016163547,0.04689413,-0.16842273,-0.09165792,-0.37901047,-0.11505328,-0.33740038,0.032205127,-0.06251154,0.012354303,0.35253707,0.38116866,-0.14344674,0.031422954,-0.45383775,0.16798589,0.111310564,-0.3621683,-0.19649068,0.18053244,0.17021671,-0.09096485,0.16353655,0.19907126,-0.31400096,-0.09430659,-0.06931825,-0.031994514,0.12256984,0.036808133,0.07306443,-0.12471362,0.25871164
Tm,-0.57033646,-0.28457332,1.037295,0.032890707,0.25576377,-0.907797,0.03174023,-0.254734,-0.21075389,0.24260947,0.7015948,-0.33246064,-0.018599723,-0.121776275,-0.046682753,0.49395418,-0.58484256,-0.37442744,-0.58422995,0.6573781,-0.68373,-0.35182825,0.56847924,-0.2758632,0.22660539,0.32086518,0.3470377,-0.6346694,-0.08445535,-0.3541318,0.028240021,0.0889803,-0.141809,0.0074734837,0.07223189,0.38732624,-0.22556806,0.06518602,-0.28931743,0.048118092,-0.21957445,-0.1271815,0.2513269,0.12791996,0.34156,-0.09320812,-0.16982494,-0.18340306,-0.08969061,0.08886069
Yb,-0.122453265,-0.30850124,1.8189768,-0.77874243,0.27214146,-0.6919335,0.025143012,-1.06583,0.053299166,0.50497067,0.9189186,0.6443825,0.20178467,-0.15591004,-0.19624445,-0.09219701,-0.5334992,-0.87206215,0.18793327,0.6934528,-0.14685477,-0.7141286,-0.1770705,0.004244566,0.14185062,-0.005535081,0.46669453,0.04834806,0.1145184,0.10297242,0.28963464,-0.020077847,-0.011075963,0.04443467,0.37563646,0.21336767,-0.06454161,-0.562995,0.1668695,-0.19150221,0.1333273,0.09417546,-0.111496344,-0.121324435,0.03179144,0.20503262,-0.0713719,0.1792023,-0.32444087,-0.14961562
Lu,-0.83385813,-0.7886286,0.1986881,0.28018028,-0.5317928,-0.6187266,-1.0610281,-0.71414375,-0.04332605,0.28554913,-0.8054354,-0.06415578,0.5219853,-0.24078926,0.13784948,-0.37855494,-0.11308376,0.08442316,-0.03370999,-0.2541836,0.030452307,-0.2514465,-0.23038349,-0.5035793,0.08105834,0.061828278,0.30411136,0.26211244,0.2608201,-0.09271175,-0.16138195,0.2164095,0.21245873,-0.16197878,-0.2722378,-0.33894894,-0.11268929,-0.011328525,0.1870277,-0.2492583,-0.24399939,0.20317814,-0.4807794,-0.21315645,0.22374266,-0.106955454,-0.083904,0.06347678,0.2288785,-0.30330825
Hf,-0.23300718,-0.06093697,2.2513998,-0.0025700852,-0.36107415,0.0792243,0.6182221,0.93743503,0.5411061,0.72454226,-0.073268116,1.3250396,-0.76644945,-0.111866325,0.74069357,0.09322709,-0.28640664,0.39284223,0.36217242,0.6483344,-0.15500297,-0.17446369,0.3290624,0.25567064,-0.052517056,0.05563603,-0.17965259,-0.108469084,-0.4536897,0.37763894,-0.19057387,-0.3868155,0.2965307,-0.06764582,0.56598026,-0.1124974,-0.12664819,0.0056298384,0.92708874,0.102723554,-0.12389579,-0.20099841,-0.17903405,0.039307427,0.001128152,-0.19059984,-0.0031765476,0.21692154,0.0585278,0.04580011
Ta,-0.7051937,0.53591484,-0.30037972,0.7465888,0.062032193,-0.7183583,-0.47731215,0.6088335,0.58141243,0.013600089,-0.13166414,-0.82763934,0.54666966,0.15619157,-0.047952358,0.5112859,0.15713361,0.16159998,0.53328043,0.29877156,-0.014888855,0.3463545,-0.1232383,-0.4177071,-0.16153766,-0.22391486,0.11434676,0.42937273,-0.15311189,-0.123809785,-0.018630825,-0.028119985,0.08877794,0.54809636,0.16376661,-0.37909192,-0.13259184,-0.04221502,0.2391803,0.13444324,0.11892303,0.31123304,-0.24844027,0.18463574,-0.100677684,-0.5035808,-0.06452114,-0.09459625,-0.0074704485,0.1651587
W,-0.99612033,0.6095148,-0.42880118,1.2875631,-0.038963623,-0.5207348,0.30992162,0.8167074,0.3946254,1.1017575,0.26168534,0.26725486,0.29775828,-0.2939486,-0.15577066,-0.011282954,0.44177365,-0.34305856,0.15934095,0.12783475,-0.06551253,0.35817093,0.26736814,0.31188935,0.03610766,-0.16331029,0.26932073,-0.32492822,-0.14581625,-0.030281553,-0.2875825,0.20226593,-0.47274452,-0.28147882,-0.24907744,-0.5250251,-0.018361062,-0.27204925,-0.17829183,-0.06166909,-0.21949217,0.024453621,0.24165536,0.42710263,-0.008493781,0.14626417,-0.24770296,-0.20084229,-0.1211271,-0.35462925
Re,-0.9540842,0.12743413,0.75621086,0.37284738,0.7651156,-0.8422229,-0.2916448,-0.33131278,0.13883604,0.8454285,-0.14883195,-0.6155801,-0.69173205,0.47130978,-0.018098336,0.8643124,-0.11590001,0.3027777,0.23141837,0.018483466,0.24930257,-0.0046729897,0.11040799,0.101340644,-0.23308262,0.22024027,-0.40840378,-0.35752574,0.018233139,-0.21661828,0.21149187,0.025225285,-0.3241014,0.2961793,-0.24415767,-0.50816894,-0.09235438,-0.118649855,-0.4403072,0.08650936,0.068800546,-0.345105,-0.03548983,0.22453505,0.13131186,0.13699959,0.017984152,-0.035867136,0.2030079,-0.2813095
Os,-0.56349707,0.101913966,-0.39629522,0.46509105,-0.16839328,-0.57475877,-0.75145555,-0.12349976,0.7610284,0.28661782,0.24633053,-0.08566878,0.123743296,0.32110548,-0.3158607,-0.6041078,-0.24059352,0.0059166625,0.11901787,-0.30504686,0.40640825,0.12104503,0.527969,0.2302933,0.05957935,-0.18062422,-0.16871966,-0.10111736,0.17947412,0.008712246,0.20671283,0.024313798,0.13475318,0.012666764,0.0028431453,0.35263827,0.19637683,-0.22007328,0.50336313,-0.14072526,0.03321597,-0.016601125,0.03915251,-0.3224166,0.13890584,0.025008416,-0.10765576,-0.10314155,-0.2573824,-0.15743132
Ir,-0.010239974,1.8701904,0.7015841,0.9714342,-0.818244,-0.60051835,-0.4925431,-0.19519159,-0.7046573,0.52308655,-0.6269066,0.8132897,0.91632485,0.029947016,-0.24882963,-0.6114056,-0.11992647,-0.0680634,0.6778884,0.1167576,0.78138506,0.17107943,0.07523038,0.24612471,0.43981698,0.24239272,-0.27037162,-0.36961368,0.4196666,-0.13338539,0.2750349,0.2549463,-0.5088697,0.26028663,0.3218052,0.3350425,0.10720462,0.16591056,0.030997511,0.002841115,-0.19856508,0.017600812,0.104375266,0.28852105,0.058867626,0.20639026,-0.1113152,-0.377625,-0.051465496,0.08862506
Pt,-1.4983485,-0.78279376,-0.14200574,1.4048922,0.61745745,-0.34336868,0.18888266,0.6243627,-0.35584226,-0.01050931,-0.25436786,-0.29000828,-0.72599155,0.20477837,-0.39939108,0.033510927,-0.29470932,-0.33510163,0.0012670904,-0.048962027,0.16833587,0.03440079,0.38305414,0.42600265,0.35681558,-0.20002115,-0.4209358,0.09122077,-0.07962801,-0.22691996,0.1636506,-0.15236016,0.26287335,0.54060495,-0.14519545,0.17900598,0.21309945,-0.12160048,-0.0959103,-0.35755453,0.07957451,-0.17646313,0.19806731,-0.0703307,0.29472247,0.20547542,0.26531813,0.097644135,-0.20761015,-0.21283814
Au,-0.8749924,1.3790565,0.71140206,0.7714389,0.4123935,-0.25872606,1.3632352,1.4719951,-0.92367196,0.23180345,0.2810128,0.99391085,-0.29804406,-0.2859498,-0.4853292,0.2760204,0.48580858,-0.16004694,-0.040265672,-0.11325724,-0.5341778,-0.5225507,-0.47932702,0.03351716,0.020593394,-0.41770244,-0.43332383,0.27753377,0.011976406,-0.085312285,0.11336652,0.043132275,0.4680205,0.17036822,0.04075721,-0.18268187,-0.056229033,0.17406982,0.06076561,0.351528,0.39987552,0.2330837,0.14255953,-0.07229389,0.0051761167,-0.15586464,-0.23555344,0.07875754,0.3325386,-0.0018111058
Hg,-0.3986949,0.09287192,-0.9408404,-0.2180059,0.25751013,0.19723761,0.77087325,0.36899048,0.45890355,-0.13092896,0.49400052,0.05034616,0.4420435,-0.29629612,0.16659448,-0.56167066,-0.42674884,-0.6388862,-0.25709534,0.10452101,0.16957857,-0.29636014,-0.04022134,-0.2389341,0.057338685,-0.44767758,0.0028880127,-0.35126144,0.08534753,0.4359297,-0.5283013,0.18521282,0.0025296714,0.31332102,-0.20340022,-0.07051242,0.51772213,0.19254984,-0.6146764,0.10776484,-0.11826658,0.19204262,-0.1078311,-0.22865462,0.29980654,-0.13919035,0.007202889,0.5782517,0.10597175,-0.07483478
Tl,-0.54953986,-0.0662157,-0.9239345,0.40156186,-0.29903123,0.17432915,0.7945398,0.43246716,0.75320494,0.14724803,0.31964862,-0.6530129,-0.5782385,-0.71734524,0.4042595,-0.15951663,-0.45288694,-0.23838419,0.29126555,-0.48668253,0.23760474,0.032857098,0.1383093,-0.8776444,0.26688325,0.037036933,-0.10835434,-0.078293845,-0.24539267,0.3686193,0.53576624,0.10883033,-0.21834123,-0.3600303,-0.14991814,0.0032858104,-0.6011058,-0.2707554,0.11151111,0.41770238,-0.0754552,0.32714784,-0.17195675,-0.09246575,-0.32972863,0.17397821,-0.21357644,-0.21805985,0.009229856,0.26192677
Pb,-0.5745053,0.86118555,0.13540068,-0.9732361,0.36608785,-0.33122766,1.1170995,0.37475854,-0.15240371,-0.11566746,-0.44214424,-0.86118066,-0.86818,0.30362782,-0.17261147,-0.15093015,0.07411519,-0.4916042,-0.70874584,-0.018805996,0.044739515,-0.23384316,-0.30512202,0.5090623,-0.19462743,-0.21114501,0.01178217,0.59214467,0.18284199,0.51864696,-0.124806285,0.046003908,-0.1812653,-0.17448081,-0.07692036,0.23834184,-0.23762926,0.27598828,0.1172027,0.1819112,-0.47244957,-0.26305434,-0.37398797,0.19282591,0.2523151,-0.092906855,-0.06879047,-0.2123452,0.20691326,0.0440268
Bi,-0.47660762,0.32249653,-0.28540868,0.26192623,-0.29275817,0.062249597,0.02117956,0.267782,0.6662289,-0.33662686,0.16920869,-0.66603214,0.49501073,0.19221437,0.042826317,-0.25420898,-0.2698798,0.16096523,0.119673915,0.36031258,0.29359713,-0.23542237,-0.32145935,-0.1943962,-0.27937013,-0.47173095,-0.46954456,0.012703959,-0.12014051,-0.045732673,-0.34406644,-0.042957056,0.112958424,-0.40559375,0.3530057,0.19495505,0.07151307,-0.30663592,-0.31081703,0.27319822,-0.16745917,0.12135982,-0.22430576,-0.23230645,0.21095696,-0.026464434,-0.22974443,-0.22572428,-0.3286507,-0.20193452
Po,-0.059021994,-1.084702,-0.72670496,-0.07778767,0.3352028,-0.5426901,0.8238997,0.25850055,-0.95767283,-0.11469339,-0.07677324,-0.02736025,-0.14181782,0.21722846,0.054073144,-0.6239127,0.36331007,-0.29796106,-0.30106413,0.0018099248,0.486064,-0.00059390673,-0.52145755,-0.12762843,0.23179881,0.37520176,-0.41395074,-0.07988364,-0.12686798,-0.17528999,0.05021643,-0.10538115,0.4786755,0.16011994,0.27669853,0.031437498,-0.27992153,-0.37561077,0.1743172,0.024957348,-0.44681776,0.03108599,-0.30564934,0.33700305,-0.3096299,0.021675259,-0.14829212,0.12306216,-0.40990102,-0.15652916
At,0.42220455,-0.09595745,-0.92744946,-0.4815157,-0.52831566,0.3037824,0.04641623,0.35237682,-0.4916495,0.32973552,0.18062502,-0.5440663,-0.20994738,-0.16013363,-0.22277965,-0.44457805,-0.04053268,0.23844764,-0.37395144,0.88025373,0.36199692,0.49334317,0.55540323,0.040821437,0.48704916,-0.1432731,0.042428758,-0.05353253,0.069066785,-0.06374183,0.12751494,-0.4475267,0.23922037,-0.044214975,-0.03384284,-0.40027633,-0.6391281,-0.046218097,-0.29139906,0.25031632,-0.010661516,-0.1388479,0.30739182,-0.14813669,0.14810497,0.09304184,0.023663666,0.12365061,-0.11757491,-0.25804204
Rn,1.383789,0.9282619,-0.9611468,-1.637542,-0.6778581,-0.11458388,-0.084443435,0.9585203,-0.3335678,0.9469974,-0.10711832,-0.25538707,-0.76094073,0.6538024,0.1243482,-0.49752784,0.99257123,-0.60544235,-0.07144406,0.08344987,0.4527375,-0.35813338,0.2663793,-0.53058916,-0.38546234,0.7236899,0.26182526,-0.116989225,-0.38313162,0.29850557,0.25712073,-0.5909587,0.14648771,-0.1443873,-0.005317971,-0.31700462,0.35927466,0.09587317,-0.3039252,-0.33692637,0.3039119,-0.3951767,-0.040414877,0.025069032,-0.050648496,-0.41050485,0.05781185,-0.15469754,-0.13810256,-0.14907204
Fr,-0.30096954,-1.6337323,-0.20347515,-0.3763288,-0.18945242,0.32748866,-0.091011256,0.43810913,-0.7944852,-0.5716095,0.6957861,-0.09065926,1.1910658,-0.22192085,-0.76994824,0.44174647,0.121103,0.65063524,-0.22723174,-0.060917176,-0.27159044,-0.3800293,0.37874702,0.96068704,0.26247042,0.9884932,0.35422412,-0.3355404,-0.25821662,0.3272344,0.083926514,-0.06690627,0.06472825,-0.43082157,-0.012217965,-0.71745443,-0.096027836,-0.121623576,-0.19824345,0.28549373,-0.27895206,0.4391403,-0.18617259,0.16905841,0.4622721,-0.24185678,0.07826051,-0.2970434,-0.1731378,0.19456047
Ra,0.46456623,-0.57972527,-0.4645122,-1.1838454,-0.6219127,-0.59102416,0.09456575,0.2546423,0.397297,0.3151031,0.6325192,-0.12076777,-0.00359983,0.32415712,-0.056914635,0.54552394,-0.08908916,-0.42271465,-0.16388248,-0.00012175739,0.45026642,-0.30761072,0.12569313,0.33960134,0.050926782,0.13875872,0.20611195,0.177317,0.24196994,0.3931411,0.24659336,0.5163554,0.09379771,0.26809204,-0.1809946,-0.030101657,-0.15030763,0.0040516313,0.24795651,-0.088599466,-0.0129959285,-0.31553257,0.061785735,-0.15075147,0.12571831,0.26085895,-0.32193604,-0.13241751,0.10855819,0.12947205
Ac,0.2251889,-0.53955364,0.26598537,-0.88837504,-0.44335037,-0.49799,-0.3872493,0.42066824,-0.6897776,-0.3801137,-0.5236796,-0.2076561,0.43163514,0.31913653,0.04968695,0.025359444,0.43910053,0.42290416,-0.2237365,-0.34621513,0.06969921,0.119544685,-0.1257208,0.21108057,0.6699158,-0.33563015,0.2719701,0.2401827,-0.33385515,-0.45600933,0.12714913,0.1489445,0.044898722,0.0017470866,0.38896585,0.034222968,0.16142662,-0.5075745,-0.11278763,0.33751562,0.12787567,-0.261398,-0.054561127,-0.06031003,0.24843071,0.21928027,-0.052737612,0.18427214,0.021530189,0.0541181
Th,0.5695132,0.5562401,0.37631923,-0.48240507,0.11648803,-0.5661371,-0.6547816,0.90624106,0.4624675,0.45531797,-0.03966188,0.67561734,0.048609965,0.3679824,0.03621819,0.3166647,0.08759453,0.17917226,0.07175834,-0.009765655,-0.124981955,-0.58319575,0.21029569,0.17390053,0.019676298,0.14733972,-0.22078076,0.21333605,-0.17883852,-0.3973224,0.030989014,0.098882094,-0.086933166,0.085951954,0.106716126,0.08351593,-0.27220964,-0.3695733,-0.20203948,-0.043756872,0.06404695,0.30869853,0.2768029,-0.23564276,-0.11066092,-0.00040516164,-0.3052689,-0.016701413,0.19834194,0.3010034
Pa,0.003173411,-1.947253,-0.6486517,-0.33722484,0.72834307,-0.33951926,-1.1496242,0.1721361,-0.09990813,0.27873972,0.9571185,0.007841377,-0.5462303,0.22904643,-0.07814802,0.010729268,0.19065776,0.64649415,-0.12690225,0.28497753,-0.3824206,-0.12937473,-0.3025077,-0.19666302,0.29812035,-0.06096877,-0.34690297,0.18071237,-0.28019238,0.24810094,-0.14589323,-0.17938572,0.34383214,0.11509428,-0.24930772,-0.08444014,0.28858292,0.15095192,0.17405804,0.014982939,-0.08547887,0.11424379,-0.0023121964,-0.24478611,-0.19124661,0.15313607,-0.16592875,-0.021258911,0.26973635,-0.016781297
U,-0.23301603,-0.57815796,-0.5466361,-0.4451332,-0.2606623,-0.6247989,-0.67282987,0.14078547,0.44247097,0.803228,-0.43232977,0.88347614,-0.21766256,-0.35039553,-0.28875172,0.6446772,0.410398,0.31898618,-0.13020992,-0.39015946,-0.1721763,0.79648036,-0.44398767,-0.22504845,0.58279777,0.21933898,-0.12494151,0.2857536,-0.35756266,-0.16145241,-0.27187052,0.30936325,-0.18015543,-0.35343266,0.6876931,0.37266913,0.2880407,-0.33265206,-0.26974756,-0.16927165,-0.013902403,0.02851855,-0.19376598,-0.22327192,0.10354616,-0.36594823,-0.00017165393,-0.08051839,0.08559612,-0.009259724
Np,0.39423263,-0.6877457,0.29663748,-0.8654921,-0.8358858,-0.20269166,-1.1048298,0.17083074,-0.3459097,0.278547,0.6714517,0.104056746,-0.41596428,0.0038689524,-0.6192732,0.2444376,-0.4293669,0.19541144,0.34410027,-0.27787742,-0.42892066,0.119107485,-0.47006756,0.27904236,0.06918585,0.012056831,-0.11457838,0.033010915,0.508849,0.28644055,-0.039547652,0.16761208,-0.062288404,-0.23176664,0.19911611,-0.08074894,-0.27072152,-0.041028745,-0.22129601,-0.04726576,0.27015528,0.19717784,-0.1333625,0.17367624,-0.19598463,-0.0312136,-0.049651522,0.3210238,0.033987258,-0.25192592
Pu,-0.49236518,-1.1229162,-0.25842696,-1.5727248,-0.37578642,-0.592378,-0.22792996,0.28292528,-0.5888838,0.09889479,-0.56392217,0.0611982,-1.072557,0.20246553,0.016361661,-0.4741727,-0.7315805,-0.26938313,0.49796522,-0.70312107,-0.78766173,0.39618337,-0.5118953,0.27807388,-0.185916,0.62097156,-0.12889116,-0.34379616,0.55324674,-0.2978242,-0.033623245,0.34735927,-0.19664966,0.030508846,-0.014462314,-0.108088985,-0.47877315,-0.046660595,-0.09120326,-0.39942783,-0.29276943,0.12969278,-0.14824903,-0.05159488,-0.08906798,-0.12479706,-0.17062886,0.0057491027,0.117372975,-0.19501562
Am,1.713174,0.75705755,-0.9589585,-1.155127,-0.89492357,-0.97078675,-0.71144485,0.9344233,0.17527819,0.37163883,0.4656538,-0.19912565,0.4444031,-0.1050073,0.6631092,-0.46396017,0.11091026,-0.016980106,-0.45229763,-0.46380466,0.12220131,0.09384973,-0.61705065,0.3294569,-0.18701327,-0.30333152,0.13357604,-0.5950464,0.043705087,-0.068158686,-0.07063241,0.08604984,0.034636386,-0.15826944,0.1880311,0.104821056,0.13403586,-0.07114067,0.20926023,-0.07652591,0.32698527,-0.038711175,0.1914594,0.42252344,0.10818285,-0.08403891,0.014801659,-0.10165281,0.27788305,0.19229144
Cm,0.8184234,0.032364056,0.87800324,-1.1945024,-0.0910378,-0.028066657,-0.5738425,0.27758783,-0.23417684,-0.012650011,-0.10345387,-0.39555138,-0.58136,-0.14389701,0.086455144,0.113646194,0.462918,0.41675183,0.00079691596,0.11083891,0.12834299,-0.27242655,-0.19041596,0.41234145,0.2641379,-0.28906575,-0.31156218,-0.3493361,0.24436535,-0.1100117,0.13089937,0.26227245,-0.1871789,-0.10452469,-0.16228065,0.42465198,0.60093415,0.17273864,-0.039273635,0.05809383,0.03311742,-0.11116989,-0.24283904,-0.09985401,-0.09668284,-0.18911794,0.32287464,0.108654246,-0.23871186,-0.020278055
Bk,0.66507345,-0.67156684,0.7229332,-0.23263207,-1.361134,0.5536433,-0.86155176,1.2225726,-0.33335164,-0.10652923,-0.045786433,-0.013218958,0.28569388,-0.75018835,0.51992637,0.6208886,0.28402728,0.47076744,0.037734054,0.5209577,-0.013868365,-0.068421096,0.4310534,-0.66512734,0.087701276,0.15539204,-0.4846506,0.0023407154,0.3598572,0.40718538,-0.082245484,-0.1254221,-0.4554032,-0.10058063,-0.16692221,0.34213042,0.24616975,0.113744825,-0.2337831,0.22407302,-0.11624375,-0.010017276,0.005252137,-0.1929386,-0.18518864,-0.06846214,-0.22196296,0.20601971,-0.19084965,0.07460503
Cf,0.41006058,-1.4822342,-0.067953646,-0.06169445,-0.48727375,-0.07641337,0.02657066,0.05187142,-0.65191895,-0.27774036,-0.6848773,0.873831,-0.4986726,-0.42822626,0.32502228,0.050232477,0.25363132,0.31207338,-0.89697635,0.07524371,0.5224248,0.17695528,0.21096656,-0.07145402,0.035526242,0.22990724,0.063546255,-0.06998263,-0.11702925,-0.17878507,0.4743494,0.041899007,0.3652155,0.0040510297,-0.039105847,0.16025853,0.20367533,0.29746592,0.15305519,0.040199056,-0.1620597,-0.012039502,-0.14993134,0.29751936,0.02480231,-0.09725326,0.019450158,0.3301955,0.06326823,-0.16732499
Es,0.7790207,-0.9215456,-0.5292758,-0.5933566,-0.26420248,-0.029454302,0.8052619,0.5423104,0.6699762,-0.6232978,0.22317153,0.5704686,0.5004686,-0.1073868,1.173842,-0.009120744,-0.3206653,-0.16122817,0.3391327,-0.35708314,0.30497196,-0.11490597,0.07458019,0.70798683,-0.12593922,-0.19834754,0.16947562,-0.17347777,0.12840994,-0.07758035,-0.041887686,-0.64505047,-0.60390174,0.10441291,-0.19513272,-0.03022302,0.34387374,-0.27504608,0.015273403,0.27219486,-0.35363007,0.014978204,0.14379042,-0.22640455,0.025859773,-0.06059677,0.3418241,-0.50693685,-0.12471418,-0.3137332
Fm,1.0902619,-2.2374513,-0.7456448,0.6464707,0.9555936,-0.18112133,-0.28344765,0.035967495,0.22274873,-0.0941768,-0.7641654,-0.06616932,0.13349181,0.023664743,0.4095999,0.4426917,-0.09360625,-0.38754845,0.23785436,0.45372134,-0.148078,0.010211945,-0.6450115,0.022441387,-0.40612674,0.3623999,-0.07789116,-0.498178,0.11809667,0.18939137,0.07774826,-0.61052537,-0.114617676,0.3769197,0.563289,-0.058240116,0.2679835,-0.44673473,0.038871363,-0.15578285,-0.09702008,0.05591616,-0.08928552,0.062991604,0.14457542,0.10725595,0.14397083,-0.04992293,0.3765916,0.29791722
Md,1.564146,-1.2046754,-0.044211164,-0.16782829,1.3854359,-0.32624808,-0.79290056,0.30702376,-0.37378824,-0.38471937,0.019807443,-0.41545627,0.1054243,-0.2697583,0.1569443,0.28612906,-0.019009896,-0.2813282,-0.018342543,0.75017107,0.25479576,0.048714966,-0.06152046,-0.35137707,-0.24188092,0.13765663,-0.093611464,-0.21512231,0.43426007,-0.24241717,0.24355057,-0.23559023,0.015790042,-0.4129208,0.14936006,0.48984766,0.40605563,0.2879461,-0.010791808,0.33084527,-0.21418473,0.7278041,0.29762962,0.098528326,-0.1956692,0.3842418,0.19033706,0.03562509,0.17331015,-0.23340738
No,3.1163683,-0.5586035,0.29254815,0.23719096,-0.19481388,0.077280626,0.9413245,-0.18035755,0.48913392,-0.17812623,-0.032459162,0.35214812,-0.44173974,-0.04822105,-0.09787383,0.40409654,0.82403743,-0.7571679,1.0520147,-0.78920525,-0.010093935,-0.13645308,-0.1686595,-0.13198693,0.628012,-0.41756535,-0.053124294,0.090731725,0.52804077,-0.20110713,0.22617206,0.1106458,0.23347986,-0.23305693,0.27022702,-0.23683725,0.093162924,-0.1767157,0.121714085,0.18918167,-0.15998459,0.01499949,0.44192493,0.015413329,0.64883137,-0.052796856,0.5561805,0.16687548,-0.032799236,0.11185177
Lr,1.4931908,-1.7055074,-0.7199,-0.08625346,-0.04227442,-0.6024183,-0.017302185,0.16808437,0.22210991,0.23411441,-0.4257852,1.0140952,0.21028689,0.06968199,-0.36508912,0.69026685,-0.5494579,-0.57647365,-0.68904775,0.07822853,0.2590626,0.34179422,-0.37685865,0.747631,-0.5494812,-0.3964595,-0.5459719,0.16773227,-0.21617559,0.271746,0.13331975,-0.051648583,0.12440065,-0.02442237,-0.18311782,0.1477204,-0.41161802,0.40392792,-0.3589932,-0.23966192,0.2452797,0.10120318,0.25258997,-0.23930362,-0.23171648,0.06557165,-0.13202341,-0.39934272,-0.39444864,0.44534993
Rf,1.3520765,-1.9668102,0.89503217,0.40121824,-0.829972,0.28913823,-0.48063183,1.0005516,0.42670575,-0.36231208,-0.91115946,-0.16899852,0.08997075,-0.12729333,-0.054403067,-0.078492686,0.010818608,-0.6914779,0.002226472,0.1807392,-0.43505174,0.4297104,0.5009941,-0.28228983,-0.16240612,-0.61333394,-0.08897501,0.17331494,0.22323316,0.4312291,-0.43571925,0.14663148,0.25814423,0.7162142,-0.0808914,-0.23855272,0.12308961,-0.111160144,0.10591716,0.2554984,-0.17854846,0.15895373,-0.117282845,0.21545066,0.003129933,0.09317359,-0.50775045,-0.43742004,0.008660209,0.004692018
Db,2.7985735,0.8347362,0.60928434,0.39840147,-0.38626856,0.31083098,-0.48802865,-0.19832928,-0.61348146,-0.27412662,0.66399455,0.25368696,-0.013735808,-0.31756502,-0.37029803,-0.34388608,-0.3501974,-0.41867492,-0.36864576,-0.59669936,-0.059208386,0.6290127,0.33444947,-0.8835406,-0.3112871,0.23283741,-0.5007205,-0.116258375,-0.07444745,0.46949017,-0.41367024,0.44258657,-0.11430217,-0.19456302,0.4662723,-0.44096738,-0.11715052,0.39558524,0.22405422,-0.2117976,0.26375157,0.023084357,-0.27442175,-0.24891762,0.12101601,0.69905245,0.3354901,-0.23096097,0.023727195,0.09239808
Sg,2.4860437,0.31827652,-0.043922022,0.18609816,-0.31259993,0.34279835,0.64821744,0.15586233,-0.043994263,-0.2332569,0.106871136,-0.012784012,0.084996134,0.64133424,-0.032313533,0.684152,-0.8761331,0.66783935,-0.63262093,0.039385352,-0.18761414,-0.087344795,-0.101521134,0.0033799931,0.48672706,0.16849637,0.6495001,0.0531212,0.6603465,0.16305594,0.018049918,-0.34333044,0.21140853,0.41451514,-0.099835634,-0.09268852,0.49406803,-0.20405617,0.28664815,-0.011475821,0.4834386,-0.15342024,-0.28895754,0.03144845,-0.23096465,0.31455982,0.04909902,0.10601066,-0.22590733,-0.2528612
Bh,2.989354,-1.4466385,-0.22640134,0.38713247,0.7766931,-0.10526366,0.40673333,-0.86264193,-0.2115053,-0.32829675,-0.8419907,0.5037486,0.1292424,1.6865535,-0.28233567,-0.29957008,0.10657908,0.2660514,0.65405846,0.5366814,-0.4312688,-0.17694867,0.008818966,-0.30477867,-0.5305302,-0.23026718,-0.258665,0.010616083,0.0357749,-0.118704766,0.5085335,0.30530736,-0.25139067,-0.5206773,-0.47986466,-0.42167753,0.3086124,0.29973683,0.09239951,0.27089942,0.023951476,-0.27767387,-0.11248984,0.14994751,0.18592158,-0.24922371,-0.3065446,-0.22832946,-0.123156376,0.31078044
Hs,2.039627,-0.66509384,0.82138246,-0.4685651,1.0068446,-0.07757684,0.27688986,0.2939245,0.44908023,-0.33103815,-0.4114769,0.13799794,-0.0064372495,0.28223032,-0.22297277,-0.23290168,0.061685275,-0.30820665,0.13805503,0.51505935,0.23964484,0.8077397,0.6482141,0.1964402,-0.049229503,0.44526586,-0.1282289,0.9776788,0.33997813,-0.20331894,-0.32377625,0.54711276,-0.060108773,-0.19659388,-0.34425354,0.16865164,0.14509179,-0.37900695,-0.13509624,0.058698352,0.6271484,-0.14159444,-0.09669248,0.42423332,-0.18197948,0.0051805004,0.16586956,-0.020417452,0.06477745,-0.054444328
Mt,2.694315,0.5965661,0.45139676,0.6450634,0.11996561,0.26834324,0.50882816,0.28526506,-1.103384,-0.42447945,1.3283398,0.34627578,0.3171563,-0.23079579,-0.18992113,-0.31334066,-0.37727082,0.40953833,0.5053987,-0.100001484,0.23943272,0.35302824,-0.21581425,-0.010537058,-0.35435227,-0.44396207,-0.08287839,0.51353335,0.060539555,-0.5039608,0.4663478,-0.16004948,-0.07972144,0.05457729,0.18220757,-0.3305527,-0.32240564,-0.13671586,-0.4642768,-0.25874785,-0.47721466,-0.32162791,-0.16373383,0.012748584,-0.38749665,-0.24415934,0.51515603,-0.20785078,0.12157694,-0.05979578
Ds,2.9727392,-0.087771475,-0.14659885,0.71320987,0.28048825,-0.3968463,0.33037382,-0.4960125,0.47010702,0.02762983,-0.4806211,0.5748712,0.7483711,0.541212,-0.35423642,-0.40138316,0.26231706,0.48999858,0.4215011,-0.23134455,-0.21143733,-0.082616694,0.40115482,-0.23814969,-0.08263178,-0.058152072,0.19630226,-0.38868296,-0.4836183,0.6865316,0.21450743,-0.011475783,0.1782198,0.059435237,-0.06200834,0.7272535,-0.40695226,-0.35346273,-0.37408727,-0.11068794,-0.45022747,-0.44555816,-0.44218186,0.12074688,-0.24256262,0.07819584,-0.24555197,0.6244818,-0.10164816,0.08000379
Rg,2.718882,0.37554008,0.35875493,0.6406096,-0.57846236,0.0356908,0.12155253,-0.4611032,-0.10921612,0.06878467,0.36829245,-0.24790066,-0.117965624,-0.0119461715,-0.02160091,0.26138517,0.22284046,0.41840214,-0.24830112,-0.22928545,-0.40528968,-0.40194613,0.1595205,0.056819618,0.45045537,-0.37135524,0.39439803,-0.08994003,-0.118732125,-0.26163548,0.13878717,0.15117611,-0.17757645,0.23746765,-0.26825944,-0.16530313,0.08412916,0.35094166,0.07940604,-0.258569,-0.4866194,0.15636262,-0.19250733,-0.04619544,-0.106272906,0.09933659,0.11964291,-0.12765247,0.35060555,-0.080396466
Cn,3.1615684,0.78493106,0.37633833,0.9039899,-0.5505152,0.36002415,-0.504966,-0.3916703,0.302593,0.12700951,0.15695636,-0.6301005,-0.2009373,0.76442605,-0.3373413,0.22831018,-0.5922792,0.04213128,-0.9318652,-0.62875366,0.4364466,-0.27746606,-0.17837058,0.12506011,0.044606186,-0.3575564,-0.19346076,-0.33451024,-0.16050579,0.2887568,0.5439445,-0.079666704,-0.17177275,0.19756842,0.7365012,0.049742088,-0.20006235,0.46334904,-0.34440947,0.31588495,0.49385157,0.0023162933,-0.023815956,-0.11586359,0.00024398044,-0.34383726,-0.22541466,0.16870596,-0.1728197,-0.17782283
Nh,2.2986617,-0.2766022,-0.6887051,0.62897015,0.9171511,-0.19215618,0.08960251,0.11381615,0.3187636,0.16883573,0.41318083,-0.2282508,-0.09753305,-0.57466364,0.36529195,0.009069229,0.17464516,0.24999508,0.07754304,0.119805306,0.19454806,-0.14521873,-0.602644,-0.21770638,0.20841685,0.51198083,0.27232465,0.2689614,-0.12602209,0.009287918,0.29742417,-0.013065487,0.39547294,-0.2413168,0.09248934,0.19367675,-0.3129651,0.27204543,0.30087224,0.3885327,-0.16941093,-0.38880572,0.2784912,0.030525133,-0.016585905,0.5269538,0.066489935,-0.2601769,0.18248913,-0.2917377
Fl,2.5648313,-0.50485784,1.0548658,0.8155277,0.5429897,0.41265965,0.34588015,-0.61804694,-0.8635839,0.058685876,-0.40915024,-0.7690275,-0.27826297,-0.22426054,-0.031378504,-0.4640714,1.0683622,-0.37096238,-0.30033183,0.009275165,-0.47600466,-0.043823898,0.41184354,0.17996638,0.34538114,-0.25615147,0.0020087212,-0.51948327,0.31541297,0.3411429,-0.895543,-0.31063625,-0.24417824,0.095777005,0.2653775,-0.14945617,-0.34097445,-0.2724802,-0.16445385,-0.31953776,-0.032588974,-0.076958925,0.41840643,-0.24444479,-0.15493348,0.093966424,-0.098654225,0.073621884,0.17177375,-0.07618038
Mc,2.2186692,0.31244713,-0.4013945,0.92126286,0.47086793,-0.1480107,-0.01981067,-0.082400575,0.88538486,0.19950369,0.68753433,-1.0948225,-0.5944165,-0.6102166,-0.18062027,-0.6603693,0.021727081,0.25768653,0.09011373,-0.08172351,0.17976561,-0.14248267,-0.10362246,0.08680362,0.20681885,0.049445942,0.12385386,0.37339723,-0.2428024,-0.20289224,0.067400195,0.04223676,0.2116934,-0.24903592,-0.012720153,0.35091776,-0.012988053,-0.43067747,0.050498694,-0.052113406,0.3655148,0.46879473,-0.020852432,0.13273963,0.21269138,-0.070093006,-0.07565668,-0.3204161,0.08763996,0.39400792
Lv,2.827232,-0.37754196,-0.17444496,0.15320858,0.6102654,-0.33728543,0.3393119,-0.16376466,0.22115211,-0.16984525,-0.24386309,-0.33223426,-0.088143624,-0.13768373,-0.09355378,-0.4258292,0.6191941,0.23275328,0.45160714,0.10137397,0.1343634,0.0053827465,0.068122014,0.35653555,-0.08325024,0.60937333,0.44199368,-0.043271147,0.01502423,0.08503011,-0.65772665,-0.2297727,-0.11224478,0.07051243,-0.31345278,0.14001487,-0.34355265,-0.028532,0.15330255,0.057725362,0.58025926,0.45598102,0.08543757,-0.45186982,-0.24942632,-0.48374754,-0.04956314,0.2248824,0.022037499,-0.2483884
Ts,3.307386,0.80406415,-0.3598663,0.8192536,-1.0139388,0.7571231,0.23614398,0.12989068,0.32271838,0.2971577,-0.4164011,-0.40415955,-0.047707487,-1.0940593,-0.48913687,0.28026232,-0.6887789,0.08384982,-0.025868818,0.33010143,-0.15146849,-0.19059187,-0.4437007,0.42736068,-0.37862027,0.24016666,0.03897045,0.24531752,-0.24232347,-0.53959066,-0.20320874,0.18856011,-0.17057577,0.08116505,-0.6287067,-0.09240234,0.13110465,0.11092827,0.32508603,-0.5228733,-0.39958715,-0.09161929,0.17987359,-0.29034615,0.07243384,-0.349073,-0.12149524,0.4624409,-0.18547197,0.084542245
Og,1.4513221,-1.2734133,-0.43006015,0.14820924,0.05083942,0.7638155,0.39196712,0.2015017,0.61241734,0.4519258,-0.3331601,-0.40830886,0.29110545,-0.52977854,-0.24927619,0.46177858,-0.1389818,-0.15339726,-0.42437592,-0.16448748,0.005806733,0.16876173,0.18980479,0.17934749,-0.25427586,0.39127293,0.34331805,0.19311158,0.040634498,-0.32895958,0.019405367,0.26994252,-0.09892225,0.034405414,0.16362904,0.12179579,0.27831864,0.35677323,0.22974356,0.122469366,-0.2633318,-0.14076784,-0.12046846,0.018424228,0.028370276,0.11887927,-0.11269499,-0.0974409,0.040628217,-0.24153233
